﻿<?xml version="1.0" encoding="utf-8"?>
<catalog>
  <book id="bk101">
    <author>Gambardella, Matthew</author>
    <title>XML Developer's Guide</title>
    <price>44.95</price>
  </book>
  <book id="bk102">
    <author>Ralls, Kim</author>
    <title>Midnight Rain</title>
    <price>5.95</price>
  </book>
  <book id="bk103">
    <author>Corets, Eva</author>
    <title>Maeve Ascendant</title>
    <price>5.95</price>
  </book>
  <book id="bk104">
    <author>Corets, Eva</author>
    <title>Oberon's Legacy</title>
    <price>5.95</price>
  </book>
  <book id="bk105">
    <author>Corets, Eva</author>
    <title>The Sundered Grail</title>
    <price>5.95</price>
  </book>
  <book id="bk106">
    <author>Randall, Cynthia</author>
    <title>Lover Birds</title>
    <price>4.95</price>
  </book>
  <book id="bk107">
    <author>Thurman, Paula</author>
    <title>Splish Splash</title>
    <price>4.95</price>
  </book>
  <book id="bk108">
    <author>Knorr, Stefan</author>
    <title>Creepy Crawlies</title>
    <price>4.95</price>
  </book>
  <book id="bk109">
    <author>Kress, Peter</author>
    <title>Paradox Lost</title>
    <price>6.95</price>
  </book>
  <book id="bk110">
    <author>O'Brien, Tim</author>
    <title>Microsoft .NET: The Programming Bible</title>
    <price>36.95</price>
  </book>
  <book id="bk111">
    <author>O'Brien, Tim</author>
    <title>MSXML3: A Comprehensive Guide</title>
    <price>36.95</price>
  </book>
  <book id="bk112">
    <author>Galos, Mike</author>
    <title>Visual Studio 7: A Comprehensive Guide</title>
    <price>49.95</price>
  </book>
  <book id="bk1337">
    <author>Andrew Troelsen</author>
    <title>C# 6.0 and the .NET 4.6 Framework</title>
    <price>59.99</price>
  </book>
  <book id="bk1337">
    <author>Andrew Troelsen</author>
    <title>C# 6.0 and the .NET 4.6 Framework</title>
    <price>59.99</price>
  </book>
  <book id="bk1337">
    <author>Andrew Troelsen</author>
    <title>C# 6.0 and the .NET 4.6 Framework</title>
    <price>59.99</price>
  </book>
</catalog>